Hits,AB,BA
1,68.56314145470772,65.22757697456493
10,83.14368585452922,79.78580990629183
50,90.60687193217314,87.19321731369925
100,92.7710843373494,90.76305220883533
