Hits,AB,BA
1,72.2792149866191,73.43889384478145
10,83.98751115075825,84.38893844781445
50,95.09366636931311,91.5700267618198
100,96.2756467439786,92.99732381801962
