Hits,AB,BA
1,1.824935876647307,1.8529437778236388
10,3.4538164450602906,3.5186768477844277
50,5.924408148825142,4.905805006043811
100,7.0727320970547485,5.846280845543796
