Hits,AB,BA
1,1.5829528158295283,1.5220700152207
10,2.374429223744292,3.0593607305936072
50,6.042617960426179,6.651445966514459
100,9.497716894977168,9.89345509893455
