Hits,AB,BA
1,6.042336153778118,11.610012087620508
10,11.343199976414398,11.630649488487279
50,11.480291282172233,11.770688994368937
100,11.480291282172233,11.770688994368937
