Hits,AB,BA
1,4.0709842879462315,2.7768770450726645
10,9.153081979777731,3.0392359166347314
50,14.00524717743124,3.51089231494856
100,14.527017068065915,10.724287356660673
