Hits,AB,BA
1,78.52571048791413,77.81919581581495
10,83.99433632410096,82.76768815106989
50,87.02411396702931,86.29592706572464
100,88.80412639244074,88.03403984800543
