Hits,AB,BA
1,63.48965255363584,84.65919878488704
10,79.12473894057338,94.66489462692235
50,86.00721473324472,96.62996012910575
100,88.50389215872413,97.14258591228403
