Hits,AB,BA
1,59.10039855760106,63.199848168532924
10,70.86733725564623,73.80907193015751
50,81.04004554944012,82.48244448661985
100,86.20231542987284,85.17745302713988
