Hits,AB,BA
1,70.38580118323473,71.52737271894009
10,79.27672693942172,80.06832763936339
50,85.9011749020915,86.78443463044746
100,90.10915757020248,89.76751937338555
