Hits,AB,BA
1,84.02498884426596,86.61311914323963
10,90.79651941097724,91.08656849620705
50,97.52342704149933,93.60776439089692
100,98.24854975457386,97.89156626506023
