Hits,AB,BA
1,85.21863641370196,87.63630355766054
10,90.99570437272827,92.15772662187466
50,97.18030620112347,94.34959797334508
100,97.76957814737305,98.33131402136799
