Hits,AB,BA
1,68.47413058240504,67.79506740063283
10,79.78125496655252,78.80022539118374
50,83.71115252914915,82.47294583387514
100,85.32790082787915,84.258737520408
