Hits,AB,BA
1,76.57230972574072,79.17722216103094
10,85.4609538495429,87.44905826632889
50,89.96585527040423,90.95715387157176
100,91.8438153981716,92.55424606234168
