Hits,AB,BA
1,11.02398172820708,7.864484202512371
10,12.508564902931099,8.953178530643319
50,13.878949371907117,10.46060144651694
100,15.47773125237914,11.75485344499429
