Hits,AB,BA
1,2.9615531023981725,2.7407689379520366
10,5.413018652455272,5.44347164065474
50,8.74000761324705,8.344118766653978
100,11.092500951655882,10.262657023220404
