Hits,AB,BA
1,78.14257739260864,80.13832756968459
10,86.14641056622641,87.32136160993292
50,90.07958001749927,90.80871630348736
100,91.45035623515687,92.35865172284488
