Hits,AB,BA
1,70.47655211695462,78.59312701727738
10,80.80501234099108,85.0863869375356
50,87.96278716536928,90.66831213214354
100,89.2823239035504,92.38655781279665
