Hits,AB,BA
1,73.56600242210723,74.87614224375207
10,81.06352526698227,83.15534515028075
50,90.20147528349665,89.47484311350875
100,92.87680281845205,91.47858637014203
