Hits,AB,BA
1,68.96671289875174,68.15187239944521
10,73.50901525658807,73.01779935275081
50,78.26514100785946,77.11222838650023
100,80.42649098474341,79.92371705963939
