Hits,AB,BA
1,84.1381609099621,85.80059164201491
10,89.6087663014041,91.59618349235448
50,95.14186908878797,94.1002458230907
100,96.94596058497562,94.57522603224866
