Proportion,Hits,AB,BA
50,1,85.41480820695807,85.39250669045495
50,10,97.88135593220339,96.83318465655665
50,50,99.28635147190009,98.5950044603033
50,100,99.53166815343444,99.06333630686886
