Proportion,Hits,AB,BA
50,1,65.48949090587507,66.56250921203903
50,10,91.66347315980309,91.88161424402323
50,50,96.73377944167673,96.37414143796245
50,100,97.78321492792502,97.46484685906317
