Proportion,Hits,AB,BA
50,1,87.21393897364771,87.99699491447063
50,10,97.23474341192788,97.15383726306057
50,50,98.43966712898752,98.2720758206195
50,100,98.74884419787332,98.50901525658807
