Proportion,Hits,AB,BA
50,1,55.3223476697226,59.78539633876721
50,10,83.41832974677948,87.48636618223624
50,50,92.48592400436281,94.35486248268137
50,100,94.75871827373759,95.86121510479616
