Proportion,Hits,AB,BA
50,1,89.74130240856378,87.82337198929527
50,10,97.68064228367528,97.05619982158787
50,50,98.75111507582515,98.30508474576271
50,100,99.01873327386262,98.7957181088314
