Proportion,Hits,AB,BA
20,1,46.59677181603774,50.03869398584906
20,10,77.36401827830188,81.19472287735849
20,50,89.46602299528303,91.7526533018868
20,100,92.59470813679245,94.2161704009434
