Proportion,Hits,AB,BA
50,1,56.14774636677181,58.019632697579816
50,10,88.12015446747044,88.59770657076321
50,50,95.66370898800224,95.3689237390561
50,100,97.10520885534888,96.79568434395543
