Proportion,Hits,AB,BA
50,1,93.33839438223572,94.74283545264755
50,10,98.99411653065098,99.24084266464224
50,50,99.63940026570506,99.73429493262479
50,100,99.71531599924084,99.81021066616056
