Proportion,Hits,AB,BA
50,1,74.94914954455679,75.5976770922383
50,10,95.26280104943548,95.20973970462518
50,50,97.75963210800931,97.64466586092033
50,100,98.33446334345429,98.11042655425523
