Proportion,Hits,AB,BA
50,1,87.01970714521634,87.69129142353847
50,10,97.71000770670484,96.9943851150501
50,50,99.27336783001212,98.40361114169328
50,100,99.54860728834085,98.71187933502146
