Proportion,Hits,AB,BA
50,1,95.50870760769936,95.81701524872928
50,10,99.30005832847263,99.40838263478044
50,50,99.68335972002333,99.74168819265061
50,100,99.82501458211816,99.83334722106491
