Proportion,Hits,AB,BA
50,1,88.83628757018606,88.15369371353077
50,10,97.95221843003414,97.17053836838049
50,50,99.20731036001321,98.23846746669602
50,100,99.41649234834306,98.54673566002423
