Proportion,Hits,AB,BA
50,1,98.05016248645946,98.18348470960754
50,10,99.66669444212982,99.76668610949088
50,50,99.82501458211816,99.85834513790518
50,100,99.88334305474544,99.9083409715857
