Proportion,Hits,AB,BA
20,1,73.76605082082679,75.96034025031153
20,10,91.93079409799354,92.8030918711961
20,50,95.7956330931354,96.18572899171046
20,100,96.79254483393834,97.04357876866952
