Proportion,Hits,AB,BA
50,1,79.03663892741562,81.33090614886731
50,10,94.2874479889043,95.06761442441054
50,50,97.01225150254277,97.38210818307905
50,100,97.81264447526583,97.92533518261673
