Proportion,Hits,AB,BA
50,1,87.957181088314,87.46654772524532
50,10,98.43889384478145,97.65834076717216
50,50,99.44246208742194,98.88492417484389
50,100,99.64317573595004,99.24174843889384
