Proportion,Hits,AB,BA
50,1,71.64817383263986,74.00023116042533
50,10,91.95272769301896,93.08252427184466
50,50,96.27542764678687,96.62505779010634
50,100,97.16250577901063,97.47457235321313
