Proportion,Hits,AB,BA
50,1,97.20023331389051,97.49187567702691
50,10,99.54170485792851,99.56670277476877
50,50,99.78335138738439,99.75002083159737
50,100,99.83334722106491,99.8166819431714
