Proportion,Hits,AB,BA
50,1,81.88544645225953,82.76390649411903
50,10,96.56575184977744,96.5834389647142
50,50,98.29908911358075,98.25487132623884
50,100,98.73537128202105,98.55850013265336
