Proportion,Hits,AB,BA
50,1,83.67528991971454,82.9393398751115
50,10,97.47992863514719,96.29794826048172
50,50,99.06333630686886,98.28278322925958
50,100,99.30865298840321,98.7957181088314
