Proportion,Hits,AB,BA
50,1,83.19463707813223,84.12505779010634
50,10,95.70619509939898,95.49815071659732
50,50,97.51791493296348,96.99202496532594
50,100,97.99468331021728,97.3705501618123
