Proportion,Hits,AB,BA
50,1,56.01217656012176,56.94063926940639
50,10,83.37899543378995,83.18112633181126
50,50,91.55251141552512,91.7503805175038
50,100,93.88127853881278,93.98782343987824
