Proportion,Hits,AB,BA
50,1,92.23824727512935,92.16118022679731
50,10,98.76692722668722,98.07332379169877
50,50,99.5375977100077,98.77793680502037
50,100,99.65870307167235,98.96509963668392
