Proportion,Hits,AB,BA
50,1,93.43328904915543,94.23040425128107
50,10,99.31675839817802,99.41165306509774
50,50,99.65837919908901,99.65837919908901
50,100,99.73429493262479,99.79123173277662
