Proportion,Hits,AB,BA
50,1,80.90939117031817,83.1443355719476
50,10,97.1265000550479,96.16866674006386
50,50,99.11923373334801,97.96322800836728
50,100,99.32841572167787,98.54673566002423
