Proportion,Hits,AB,BA
50,1,75.53671694374106,79.33502146867775
50,10,95.57414951007377,95.30991963007817
50,50,98.63481228668942,97.87515138170208
50,100,99.21831993834637,98.37058240669381
