Proportion,Hits,AB,BA
50,1,88.1578947368421,87.97948260481712
50,10,98.39429081177519,97.61373773416592
50,50,99.44246208742194,98.88492417484389
50,100,99.64317573595004,99.24174843889384
