Proportion,Hits,AB,BA
50,1,29.923896499238968,30.639269406392692
50,10,62.77016742770167,62.54185692541857
50,50,81.40030441400305,81.65905631659056
50,100,87.35159817351598,87.56468797564688
