Proportion,Hits,AB,BA
50,1,83.80432269995377,85.07281553398059
50,10,96.69729542302358,96.89667128987517
50,50,98.22295423023579,98.1044845122515
50,100,98.62748497457235,98.40499306518724
