Proportion,Hits,AB,BA
50,1,90.88406914015194,89.9262358251679
50,10,98.66784102168887,97.57789276670704
50,50,99.27336783001212,98.41462072002642
50,100,99.50456897500825,98.66784102168887
