Proportion,Hits,AB,BA
50,1,75.55753791257806,77.52007136485281
50,10,92.99732381801962,92.19446922390723
50,50,97.10080285459412,96.1864406779661
50,100,98.1043710972346,97.63603925066904
