Proportion,Hits,AB,BA
50,1,81.62501376197292,83.95904436860067
50,10,95.13376637674777,95.47506330507541
50,50,98.12837168336452,97.57789276670704
50,100,98.87702301001872,98.21644831002972
