Proportion,Hits,AB,BA
50,1,95.1004082993084,95.38371802349805
50,10,99.25839513373886,99.34172152320639
50,50,99.69169235897009,99.73335555370386
50,100,99.79168402633114,99.8166819431714
