Proportion,Hits,AB,BA
50,1,80.88760035682427,80.88760035682427
50,10,96.05263157894737,94.91525423728814
50,50,98.1935771632471,97.61373773416592
50,100,98.95182872435325,98.17127564674398
