Proportion,Hits,AB,BA
50,1,93.39533118238755,95.38811918770165
50,10,99.3926741317138,99.58246346555325
50,50,99.6963370658569,99.75327386600873
50,100,99.79123173277662,99.8291895995445
