Proportion,Hits,AB,BA
50,1,94.0004999583368,94.57545204566287
50,10,98.14182151487375,98.64177985167902
50,50,99.31672360636612,99.3250562453129
50,100,99.54170485792851,99.54170485792851
