Proportion,Hits,AB,BA
50,1,93.96469918390586,94.81875118618333
50,10,99.27880053141014,99.43063199848169
50,50,99.62042133232111,99.67735813247296
50,100,99.6963370658569,99.73429493262479
