Proportion,Hits,AB,BA
50,1,90.1650312221231,89.96431757359501
50,10,98.9964317573595,97.7921498661909
50,50,99.42016057091882,98.86262265834077
50,100,99.5093666369313,99.15254237288136
