Proportion,Hits,AB,BA
50,1,49.923896499238964,51.50684931506849
50,10,80.86757990867581,81.76560121765601
50,50,91.5220700152207,91.44596651445967
50,100,93.83561643835617,94.18569254185692
