Proportion,Hits,AB,BA
30,1,76.67079463364294,78.76986584107327
30,10,93.56037151702786,94.03508771929825
30,50,96.50567595459236,96.81527347781218
30,100,97.28998968008256,97.44272445820434
