Proportion,Hits,AB,BA
40,1,52.370657888272,56.244779639365206
40,10,81.3565567729573,85.4542327912347
40,50,91.34525622758316,93.41374735911168
40,100,93.81663636810298,95.18989829509164
