Proportion,Hits,AB,BA
50,1,86.02635228848821,86.45110957004161
50,10,95.5877253814147,95.12829403606102
50,50,97.33587609801202,96.68284789644012
50,100,97.85598705501619,97.1422792417938
