Proportion,Hits,AB,BA
50,1,76.34361997226074,78.56276005547849
50,10,90.40395284327323,91.37193712436431
50,50,94.47237632917245,94.81622746185853
50,100,95.65996301433195,95.73220064724919
