Proportion,Hits,AB,BA
50,1,97.00858261811516,97.01691525706191
50,10,99.3250562453129,99.41671527372719
50,50,99.65836180318307,99.75002083159737
50,100,99.71669027581035,99.82501458211816
