Proportion,Hits,AB,BA
50,1,54.93150684931507,55.11415525114155
50,10,83.10502283105022,82.42009132420091
50,50,91.24809741248097,90.77625570776256
50,100,93.78995433789954,93.51598173515981
