Proportion,Hits,AB,BA
50,1,88.28999810210667,90.43461757449232
50,10,99.03207439741887,99.12696906433858
50,50,99.60144239893718,99.62042133232111
50,100,99.63940026570506,99.67735813247296
