Proportion,Hits,AB,BA
50,1,88.176124501803,90.3397229075726
50,10,99.0510533308028,99.10799013095463
50,50,99.65837919908901,99.6963370658569
50,100,99.79123173277662,99.8291895995445
