Proportion,Hits,AB,BA
50,1,91.5700267618198,90.96788581623551
50,10,98.86262265834077,98.01516503122212
50,50,99.42016057091882,98.95182872435325
50,100,99.5985727029438,99.24174843889384
