Proportion,Hits,AB,BA
50,1,87.24353256021409,87.31043710972347
50,10,97.7921498661909,96.76628010704728
50,50,98.86262265834077,98.1935771632471
50,100,99.24174843889384,98.57270294380018
