Proportion,Hits,AB,BA
50,1,70.16742770167428,69.63470319634703
50,10,91.05022831050228,91.18721461187215
50,50,95.49467275494673,95.4185692541857
50,100,96.78843226788433,96.68188736681887
