Proportion,Hits,AB,BA
10,1,74.17966994156554,75.65979580042381
10,10,92.04392217299173,92.39709754061516
10,50,95.38785076735375,95.68644448725358
10,100,96.49874783278752,96.5934630450138
