Proportion,Hits,AB,BA
50,1,88.13167455686447,89.01244082351646
50,10,98.12837168336452,97.72101728503799
50,50,99.42750192667621,98.75591764835406
50,100,99.65870307167235,98.98711879335022
