Proportion,Hits,AB,BA
50,1,85.73158648023781,87.47109985687548
50,10,97.54486403170759,97.25861499504569
50,50,99.11923373334801,98.67885060002202
50,100,99.54860728834085,98.96509963668392
