Proportion,Hits,AB,BA
50,1,97.97516873593867,97.93350554120491
50,10,99.62503124739605,99.65002916423632
50,50,99.76668610949088,99.78335138738439
50,100,99.80834930422465,99.8166819431714
