Proportion,Hits,AB,BA
40,1,77.72881600809073,79.39993739314696
40,10,93.65744419562235,94.32685593199932
40,50,96.75407546533748,97.03580630402851
40,100,97.5198054371644,97.71244190806424
