Proportion,Hits,AB,BA
50,1,50.31963470319635,50.79147640791476
50,10,81.38508371385083,81.01978691019787
50,50,91.23287671232877,90.441400304414
50,100,94.07914764079148,93.47031963470319
