Proportion,Hits,AB,BA
50,1,49.75646879756469,51.476407914764074
50,10,80.83713850837138,81.76560121765601
50,50,91.5220700152207,91.44596651445967
50,100,93.83561643835617,94.18569254185692
