Proportion,Hits,AB,BA
50,1,93.0419464934493,92.3813717934603
50,10,98.93207090168447,98.33755367169438
50,50,99.51557855334141,98.94308048001761
50,100,99.62567433667292,99.10822415501487
