Proportion,Hits,AB,BA
30,1,49.72519951988882,53.121775569079155
30,10,80.19751942555118,83.72044052306849
30,50,90.93684853334456,92.76042873086399
30,100,93.70380509170545,94.84091052664829
