Proportion,Hits,AB,BA
50,1,88.23306130195483,90.24482824065288
50,10,97.81742266084646,98.46270639590054
50,50,99.22186373125831,99.3926741317138
50,100,99.43063199848169,99.62042133232111
