Proportion,Hits,AB,BA
50,1,29.893455098934552,30.669710806697108
50,10,62.754946727549466,62.54185692541857
50,50,81.40030441400305,81.65905631659056
50,100,87.35159817351598,87.56468797564688
