Proportion,Hits,AB,BA
50,1,84.03871702410325,85.65192636173848
50,10,97.32397039286393,97.96925412791802
50,50,98.99411653065098,99.37369519832986
50,100,99.44961093186564,99.63940026570506
