Proportion,Hits,AB,BA
50,1,83.24342177694595,85.07101178024882
50,10,96.53198282505781,96.6861169217219
50,50,99.04216668501597,98.13938126169768
50,100,99.52658813167456,98.54673566002423
