Proportion,Hits,AB,BA
50,1,81.57894736842105,81.8242640499554
50,10,95.89652096342552,95.22747546833185
50,50,98.1935771632471,97.5914362176628
50,100,98.92952720785013,98.48349687778769
