Proportion,Hits,AB,BA
50,1,91.39050974347683,90.4106572718265
50,10,98.75591764835406,97.63294065837277
50,50,99.4495210833425,98.54673566002423
50,100,99.57062644500716,98.72288891335462
