Proportion,Hits,AB,BA
50,1,28.76809244465407,30.719570792677537
50,10,61.70150045691714,64.22486218789612
50,50,79.79247118474191,81.73510597529699
50,100,85.65869763877015,87.27706865548448
