Proportion,Hits,AB,BA
50,1,98.84176318640114,98.67511040746605
50,10,99.83334722106491,99.75835347054412
50,50,99.89167569369219,99.89167569369219
50,100,99.9083409715857,99.93333888842596
