Proportion,Hits,AB,BA
50,1,71.06544901065449,71.91780821917808
50,10,89.93911719939118,90.8675799086758
50,50,95.0076103500761,95.25114155251143
50,100,96.39269406392694,96.36225266362253
