Proportion,Hits,AB,BA
50,1,69.46727549467275,69.07153729071537
50,10,89.9847792998478,89.86301369863014
50,50,94.73363774733637,94.90106544901066
50,100,96.17960426179604,96.13394216133942
