Proportion,Hits,AB,BA
10,1,41.393825239538124,43.54270739497175
10,10,73.4337892064532,75.93808860863156
10,50,87.20661698468594,88.72819588895258
10,100,90.84759642944886,92.05306690688724
