Proportion,Hits,AB,BA
0,1,92.87946335569352,92.8086329736261
0,10,97.55010207908003,97.58343402358236
0,50,98.67922169909588,98.64588975459357
0,100,99.0458730886213,98.92921128286322
