Proportion,Hits,AB,BA
0,1,91.55868505478938,91.21703262364068
0,10,97.40427482188242,97.23344860630807
0,50,98.77505103954002,98.6708887129703
0,100,99.09170451231198,99.0167076371818
