Proportion,Hits,AB,BA
0,1,78.34256905962252,77.60926628057165
0,10,92.22949043789842,91.57535102704054
0,50,96.52514478563393,96.12099495854339
0,100,97.66259739177534,97.25428107162202
