Proportion,Hits,AB,BA
0,1,90.3670680388317,90.42539894171077
0,10,96.83346527228032,97.17095121036623
0,50,98.13757760093328,98.40839965001457
0,100,98.479230032082,98.82921544935628
